Indicator,LSP_1,LSP_2,LSP_3,LSP_4,LSP_5,LSP_6,LSP1_perc,LSP2_perc,LSP3_perc,LS41_perc,LSP5_perc,LSP1_perf,LSP2_perf,LSP3_perf,LSP4_perf,LSP5_perf
Housing Shortfall,0.687174,0.687174,1.2594,0.578904,1.1524,0.951127,-27.75160415,-27.75160415,32.41133939,-39.13494202,21.16152732,-28,-28,32,-39,21
Inequality,0.225662,0.225662,0.186089,0.289032,0.271696,0.255876,-11.80806328,-11.80806328,-27.2737576,12.95783895,6.182682237,12,12,27,-13,-6
Internet Performance,32.6669,32.6669,31.0158,33.3923,25.4321,31.2437,4.55515832,4.55515832,-0.729427052,6.876906384,-18.60086994,5,5,-1,7,-19
Health,161.81,161.307,161.689,112.585,118.547,141.034,14.73119957,14.37454798,14.64540465,-20.17173164,-15.94438221,15,14,15,-20,-16
Species Richness,13883.6,3317.35,13350.4,10578.3,3317.7,5049.71,174.9385608,-34.30612847,164.3795386,109.4833169,-34.29919738,175,-34,164,109,-34
Population,848.06,848.06,348.927,608.829,257.041,337.18,151.515511,151.515511,3.483895842,80.56498013,-23.76742393,152,152,3,81,-24
Economic Productivity,6.22E+07,6.22E+07,2.34E+07,4.39E+07,1.29E+07,1.84E+07,237.7872682,238.2994565,26.73066383,138.1090629,-29.83411024,238,238,27,138,-30
Wastewater Disease Burden,1,1,1,12000,12000,10000,-99.99,-99.99,-99.99,20,20,100,100,100,-20,-20
